ID_Num,Address,Manager,Phone_Num
1001,53075 Sw 152nd Ter #615,Ilene Eroman,504-845-1427
1002,59 N Groesbeck Hwy,Vallie Mondella,810-374-9840
1003,2664 Lewis Rd,Kallie Blackwood,856-264-4130
1004,59 Shady Ln #53,Johnetta Abdallah,907-921-2010
1005,3305 Nabell Ave #679,Bobbye Rhym,513-549-4561
1006,18 Fountain St,Micaela Rhymes,419-800-6759
1007,7 W 32nd St,Tamar Hoogland,773-924-8565
1008,2853 S Central Expy,Moon Parlato,408-813-1105
1009,74 W College St,Laurel Reitler,605-794-4895
1010,701 S Harrison Rd,Delisa Crupi,410-804-4694
1011,1088 Pinehurst St,Viva Toelkes,215-422-8694
1012,30 W 80th St #1995,Elza Lipke,631-677-3675
1013,20932 Hedley St,Devorah Chickering,310-254-3084
1014,2737 Pistorio Rd #9230,Timothy Mulqueen,440-579-7763
1015,74989 Brandon St,Arlette Honeywell,956-841-7216
1016,6 Kains Ave,Dominque Dickerson,602-953-6360
1017,47565 W Grand Ave,Lettie Isenhower,931-235-7959
1018,4284 Dorigo Ln,Myra Munns,414-377-2880
1019,6794 Lake Dr E,Stephaine Barfield,313-341-4470
1020,31 Douglas Blvd #950,Lai Gato,815-426-5657